,x,y,m
0,-8.492814156658687,2.056120444351219,1428314.03146764
1,-8.477529583785454,2.0636329206298245,2013465.1484633128
2,-8.475421014428164,4.176385848721417,1594736.4902655997
3,-8.1608103578931,3.54075207669841,1184457.8174142437
4,-8.091369223741491,1.9822042635680752,1404248.593774225
5,-8.058983917236702,12.499846761549707,1899160.6858825048
6,-8.051341364274853,3.1396877658160056,1428333.3647264438
7,-7.85965996846154,0.5179460130318866,1757792.5713599797
8,-7.803600177173371,7.883866577704835,2156188.0462935995
9,-7.789057659591992,5.491199339016019,1045936.26539489
10,-7.277296519450057,2.1321804953596843,1955989.656770336
11,-7.264123330904585,3.463271420637104,1621733.2033972656
12,-7.156543508630018,5.3413527258060345,2196233.046041536
13,-7.1407281784234655,9.606632601041843,2496176.29119062
14,-7.123067620616445,0.7819305958006902,2001918.2037296041
15,-7.09566598670391,12.48479248026505,1521046.1112604078
16,-7.093122826864847,11.669096872766302,2138714.7301408863
17,-7.043184083469606,-3.301160764552545,2216849.3679990727
18,-6.951367456395407,-2.4264862362855397,2173996.680150075
19,-6.922692413828264,4.509172666403648,1847526.1250776902
20,-6.913801460971925,-4.595735917232614,1451191.6171094137
21,-6.771500169469649,7.7774597056180435,1669438.6431481692
22,-6.753642495255532,6.192385295502612,2071392.7889508859
23,-6.747914547312591,3.4475973226412897,1785371.776869787
24,-6.725030658912716,4.97284249472963,1425456.4510857954
25,-6.582067103940385,4.944177202458325,1569381.1292294413
26,-6.543189856496508,-0.6043901423619689,1569364.9142381868
27,-6.454166995732138,0.14867887547812614,1640575.33506171
28,-6.4526632517913525,9.91363752013675,2230271.6388367116
29,-6.4213116424332775,1.0837537314209729,1525065.1423619797
30,-6.4154963096925055,4.9146051254471015,1720212.2502827218
31,-6.398486006955062,-1.6224002722183526,2071720.622812531
32,-6.3738878989312235,8.057615828411242,2161132.1634346885
33,-6.3557244544334335,0.4160787185607477,1521405.2317397937
34,-6.3533032575584265,-2.633041679044609,1520520.8910629153
35,-6.341851359775496,-1.705949895279626,2171284.4110360104
36,-6.340339453863098,12.557015073397515,1599141.0431784713
37,-6.3061180621214925,-4.542064630258922,1576929.4155428985
38,-6.28842381860378,-4.536966141836345,1740038.8190123653
39,-6.252652997235487,-3.2359064344327275,2069084.647311164
40,-6.235255742191014,1.8026581378757995,2115780.495971973
41,-6.186223503464628,10.477086869515723,2377811.6363765937
42,-6.172347131994464,-2.3663598306031037,933476.1541270252
43,-6.153557212262608,12.948588438824475,1455992.3978855037
44,-6.1408208693306685,6.98070556907671,1442780.5061651662
45,-6.0392703173629005,0.2059612411730627,1753846.2998345494
46,-6.024365610891504,14.90609010764695,1926541.5695762
47,-5.9952293425814736,-2.273682121352804,1548434.1669694656
48,-5.980102671630615,8.127797784189289,1428274.325527517
49,-5.878920208846599,-3.450602593472514,1206428.402968283
50,-5.81554092450753,3.901357219184762,2649729.55587187
51,-5.790600849875204,13.794701985643178,1180680.0362787077
52,-5.712519829893912,0.3972376622875251,1676734.6616169172
53,-5.687085702496014,-3.5003870360257285,1737028.2356361197
54,-5.5697380578505085,3.2724826545471157,2471585.633299713
55,-5.558945691311005,8.978957770798575,2028035.981181477
56,-5.5485502196633,5.108976173135831,1794280.2514880898
57,-5.5442895816171385,13.164593613109734,1864757.671553109
58,-5.54312833621146,-1.5654567251364098,1291776.8409741777
59,-5.537421382926935,7.84119559215979,2088245.3619768575
60,-5.521792354759271,-0.6511929235565448,1194558.4057165044
61,-5.493541625634319,-1.762081899398146,1382368.8537481108
62,-5.492579267669346,-0.3702893398539571,1259594.6567931343
63,-5.319565592793132,-2.8952786463154982,1669157.68724201
64,-5.260108847836582,9.326876435898948,2015513.642358461
65,-5.252331030772104,-2.383710295177639,1844218.682630786
66,-5.235097751278,0.8046926333031845,1545734.890636855
67,-5.210316516009127,0.0793852093995837,1850529.4324963219
68,-5.167392616875884,3.4838572566788737,2437072.4401835892
69,-5.119818093930037,5.443035219878028,2215574.620225068
70,-5.0888702179739544,10.991460713631193,2068244.170264474
71,-5.082500842971762,-3.1900266972799485,1786275.8665744746
72,-4.978452679490274,-0.9198126544428256,2146309.374698571
73,-4.918951159650595,5.435053391415149,1348368.0959325284
74,-4.910272773612383,-3.5113005004104716,1709116.6228055954
75,-4.867460334961901,9.898474400876939,1784351.0639587685
76,-4.8580867478651015,-5.25700954457561,1096534.4180086895
77,-4.848150787873968,30.529006056702656,1985095.150303096
78,-4.8024617137126295,14.258910858143562,1464589.3575756678
79,-4.795934694796618,-0.9941846926513902,1328772.6947705129
80,-4.785975544231393,8.096352342800014,1520531.5971148338
81,-4.757483992272467,-2.602676918936727,1741510.849179966
82,-4.742328895163334,12.150860480777359,1451081.9580339429
83,-4.738593804297094,-1.8635421054548431,1824071.9717661187
84,-4.6538354355141305,-4.42157091100833,1031342.1496123608
85,-4.651732504671793,16.45616450123396,2237574.8293208224
86,-4.60906374674868,1.4749083924657789,2358924.2898326903
87,-4.599438983939032,2.4212977776335345,1794337.2118419837
88,-4.559572440229717,11.438253567486793,1881212.1457553338
89,-4.490961648919007,-4.70961569631111,1924212.2237171447
90,-4.4895882455193865,-4.185849940168578,2031113.7112522768
91,-4.438721172997272,6.058266251109117,2035050.8358595627
92,-4.411358032774628,-0.4811223883280865,900931.003603286
93,-4.3669955418454975,7.2040433658793095,1838427.6440234056
94,-4.354115218924745,14.149206170314601,1927400.7562281832
95,-4.326629974981202,16.88871549667266,2115161.4159212583
96,-4.308053741805985,-0.9190719887089888,2133535.079857601
97,-4.259633643508781,18.16095418945753,1948818.8887148031
98,-4.217382827666833,32.79515575912614,2551017.886227263
99,-4.217101508821445,16.278580065506805,1046217.533127804
100,-4.215578540670721,12.786230499164374,1238546.974491328
101,-4.213714643185853,3.8472532853622727,1986262.4217889141
102,-4.187896306557709,15.644888698248876,1756953.1337358055
103,-4.1760409361189685,-2.240521186973854,1642507.205750527
104,-4.16572525596606,-2.668792410681816,2140868.621479188
105,-4.076450989622331,11.481077864983193,1712366.0654760897
106,-4.07201667479423,0.8186491078267429,1647275.03683285
107,-4.067520909557879,4.029415898342942,2052641.6067566192
108,-4.064072464513728,15.303711020575099,1335522.288822436
109,-3.9009983519478832,13.840093331255526,1274001.7804649791
110,-3.8472014204981937,-2.453937203908859,2134176.819319172
111,-3.834152773816511,-1.8649879305530144,1947353.3029668038
112,-3.825017774439748,1.8582773976020843,1526543.6169491815
113,-3.824339362224944,9.854989654172599,2192773.016369237
114,-3.808778925573336,19.476599567309343,1257138.397444838
115,-3.798113317806671,14.510155138558757,1362285.963425945
116,-3.7883027388324417,0.6537033803770957,1173964.9510543265
117,-3.759701662923714,8.189191577549758,1910837.5584307527
118,-3.7228474067516832,5.272128806377003,1894624.4381368163
119,-3.707892723449981,2.693319166787424,1648162.5997195288
120,-3.7059330979720264,6.1163493563339095,2388326.6424361086
121,-3.682003428708216,10.520030077752432,1669910.0212593162
122,-3.6524962574139286,12.515162373363472,1499456.0582895896
123,-3.595771505198865,15.48463094881367,1644923.5512741974
124,-3.5326745006532594,8.803815334722163,2021956.3988835688
125,-3.4501797575766617,9.797586833519098,1623765.0665321522
126,-3.3668960655903732,19.12066091113662,1448853.644043473
127,-3.3483990375008577,0.20055036764433695,1864279.537195606
128,-3.3304093260687715,9.334842818609793,2120085.576150034
129,-3.3165964468527416,-2.635712696547415,2247268.6915924507
130,-3.2966940066485093,-1.5065311376480048,1736160.1099504957
131,-3.287491763803974,31.78893263216936,1695744.348190991
132,-3.1977344113353783,18.037217333915123,1521479.6543919616
133,-3.1551618398475743,3.2855763100922357,2227853.7341792667
134,-3.078460752560874,10.8269441154444,1255632.5860454568
135,-3.0401521364281976,31.180159196397586,1656041.6302776763
136,-2.9996506407274595,16.280547988789074,2110868.808813393
137,-2.9564480586574198,-0.07640033477441642,1191716.6245569077
138,-2.952268284673538,10.516345769881047,1442299.981135875
139,-2.9000167261485066,11.351907531173813,2339207.899889776
140,-2.8920374801579816,2.155966906577824,1522024.623617264
141,-2.8250792181934017,-3.884822023886757,2466405.9830164267
142,-2.821051055463785,20.801213689976993,1393603.4520156682
143,-2.820265004851576,5.277011484929614,1345180.6028440064
144,-2.749690406182518,-4.945797805787048,1630781.6882285157
145,-2.74860943117097,1.9318521279381813,1094408.2792515734
146,-2.729490978733991,-3.5204932734762195,1932417.6329454144
147,-2.713696871805652,-2.1392642763567142,2234609.9805352944
148,-2.713475728719375,-1.682462589999201,2067953.1319599068
149,-2.5585624621531253,19.290446906275054,1485829.7488119986
150,-2.535482070126065,16.93498517235426,1424682.6010224014
151,-2.5245383637818963,14.308832258769698,923992.255203692
152,-2.501475544389023,16.45255833304957,1568067.0912843198
153,-2.466081666061751,13.929081457271225,1786538.2168175918
154,-2.4570041745494406,-0.7654943685922847,1159767.7907307765
155,-2.382991345363267,3.9389518840170683,1604588.656586462
156,-2.3805526508745167,-1.726682284198221,1497991.2001373512
157,-2.2996402764586734,32.4270713260793,2789050.2159217643
158,-2.291062283242226,0.4783893821371019,2501493.1452460587
159,-2.2715066350198416,30.050087822138767,2324107.793226306
160,-2.2645573194182442,15.82816415010449,1667547.4138797396
161,-2.2611654595103534,7.069789594319569,2274323.820269534
162,-2.229793538552511,15.627230897661581,1109318.2755368098
163,-2.222038616489921,14.119194476621475,1727806.0633023938
164,-2.214191682817048,7.6083753736168,1594437.3444654047
165,-2.1815254206954675,17.4883476138674,1676868.01952576
166,-2.1423542167477683,11.875805621629171,1577543.8181922906
167,-2.1237819463362664,4.98093628850563,2026768.9251340928
168,-2.120187027996188,3.1153181026342436,2409429.829900286
169,-1.9701751997899064,21.64994399331819,1668748.6744818413
170,-1.950681724074342,-4.351353537589777,1862985.871931804
171,-1.9360907229644773,10.88189807491712,1399019.0512101566
172,-1.92735401345185,5.80772596134575,1788751.14735482
173,-1.8997938161008123,17.323167372780212,1460166.0950575024
174,-1.8017283715968009,12.910950854913619,1774595.0442206648
175,-1.7814507481734818,24.241078822451943,1890923.470325236
176,-1.7662926285576082,7.895599140134723,1892195.931369705
177,-1.731644881821638,19.729406555535952,1585373.580123165
178,-1.730381538117859,31.63208587928238,1567552.681080997
179,-1.7284292385705409,19.16114249308641,1598114.7173858646
180,-1.6280634227804571,6.559761584219817,1948078.6119986856
181,-1.601468036899561,-2.4547204716910205,882489.3614343767
182,-1.534339617700509,2.8084503864404513,1687462.5414077726
183,-1.4973437537102057,-1.3640719522514255,2071373.24780758
184,-1.4943895760216297,21.240778853487896,1595466.3727565538
185,-1.470870482996791,31.281561972187422,1737728.5985276103
186,-1.422875110508688,24.353034244097987,2046452.2614409882
187,-1.3709799516003165,18.120107355387916,1671077.2927451348
188,-1.241973886843892,1.2363823529659994,2146503.1230556117
189,-1.2035751452262669,0.9780573398264446,1481251.7162811544
190,-1.1851740280601035,20.98752515874812,1931231.443969799
191,-1.1587218437440554,18.71973416798168,1598792.836635507
192,-1.1541418078925472,9.627755788819533,2169778.911463384
193,-1.1189514338538462,18.8362256905903,2050589.9945939227
194,-1.0969400467571129,11.256373501654387,2045039.4783568168
195,-1.096390553703222,17.335815998739392,1362683.4385961827
196,-1.067482476490068,2.808164782124844,2454124.5823326916
197,-1.0417942222623475,22.957455050153165,2276875.60254708
198,-1.01308541914314,32.820832905030215,1212036.2953282893
199,-1.0011384230440914,32.84693317619696,1599212.555447593
200,-0.9547488154344044,15.82410702435214,1391248.8481894669
201,-0.9516311369525868,24.027812751149693,2736985.5420797
202,-0.9042643906168896,11.87668205536463,1170033.8550976345
203,-0.8905591583865535,1.4595234758627469,1770413.4474375418
204,-0.8870354333901741,16.256060707393818,1930423.8126746246
205,-0.8809555728395271,20.538279040373894,1488114.1916183492
206,-0.8165159576982157,18.255195197615414,1029207.4875906112
207,-0.7954054576009515,23.048722547962154,2316121.702148978
208,-0.781139343715789,5.0324664980190885,1592312.0372463018
209,-0.689917772538827,26.24036605310279,2502240.282150784
210,-0.6789060617808076,-3.1914117763892227,1074288.2815455752
211,-0.648834211857622,24.17642938523249,2465139.966391559
212,-0.6346716157703685,20.052177632405808,1324460.5465193414
213,-0.55016242714873,20.718758702358862,1708854.584389233
214,-0.5244169729253221,16.829712306949748,1793858.4538309702
215,-0.4200160002769757,16.709441379097335,1828451.0588273408
216,-0.4026220297544458,-2.5204549935296976,2032629.6050500656
217,-0.3853402278895928,16.625440067799694,2444303.4947450673
218,-0.3749319605616819,19.154024405454873,2280427.517169821
219,-0.3313464167076825,13.967084059153139,1414781.7897277754
220,-0.3243045394217341,7.206115251685183,1600683.6501349297
221,-0.2942033872342169,3.742056926697509,877477.5778874755
222,-0.17702012704338266,24.997370123775355,1484668.8178035298
223,-0.12190013784600053,20.02263374083115,1559065.6922930588
224,-0.07513160814855269,22.242626056779642,1506273.1108628213
225,-0.07274028138604427,13.847277612865305,2307204.288497035
226,-0.06913002743889153,24.84299065109137,2296152.524650097
227,-0.018595520687029854,22.028748924598666,2079558.076470026
228,-0.0017122650497070069,9.28267760417214,2269656.60528679
229,-0.0005119356802953945,11.695088502989938,1510437.86900118
230,0.06925773486976405,6.894274543241805,2072292.9288500126
231,0.09943570065945018,21.332850191974057,2110526.42303652
232,0.10888899405863772,10.854947270901132,1504686.6402761743
233,0.14569140863212482,28.031386491772327,2037450.654565224
234,0.16632502858950904,-1.8808149093193447,1760132.9350977072
235,0.18801557624751372,0.7060188788365289,1128062.8054269722
236,0.2613742185605075,9.653318916977508,2244981.754172061
237,0.2787203315491977,5.582413092954087,2157893.530758364
238,0.2904728971208788,13.954170214405007,1977512.5630466
239,0.3212177061495405,24.84906502819493,1932043.0250705357
240,0.33568274095601325,17.052735876971784,1726433.1940428491
241,0.4128173453075239,7.348303691238158,2005189.890041948
242,0.4579920011774377,19.058874288858586,1646514.3874354132
243,0.4611384941903491,21.842787344061083,1486187.31015761
244,0.4971070880325299,17.735807369774786,2020686.6403376416
245,0.5016951693486913,21.966336541100482,1827235.5581367656
246,0.5569912544762605,22.889829086350346,2293594.92160646
247,0.5756316096704364,20.89164972174592,1513798.9456499263
248,0.6120594870957188,27.23626593340874,1828261.8839293718
249,0.6166420552091123,11.725045398250256,1321434.4757476023
250,0.6633924893311711,18.67118397315309,2670496.386209769
251,0.6851431044932987,15.186648640435104,1546186.5197201925
252,0.8032314634700053,12.245605481311195,1661421.369395352
253,0.8808832864748348,18.324074262146368,2167284.0895397323
254,0.8831461171091606,24.37036123292461,2537805.9945069253
255,0.8842083079246246,18.78920777655048,2213584.541875337
256,0.8931745635043793,15.209042788136154,1685744.5838728126
257,0.8999078244330565,12.98725148609818,1323669.7538689312
258,0.940685850409504,10.681102120967571,1148940.7500318652
259,0.9544308403648154,12.422728365779687,1757039.1979201562
260,1.0237717032257176,-3.7944917856364553,1864819.4132505783
261,1.0392316018080523,20.527878744698974,1265495.7702449923
262,1.043142493496418,8.781491292649427,1718474.9594889581
263,1.051933567108426,20.852478469942923,2021286.1792450503
264,1.0536379163969087,24.51866875161191,1997669.044482921
265,1.05481614911363,6.5528033403286505,1649414.8959671813
266,1.145188683222946,21.724555204009715,2224133.017339877
267,1.3036702146663948,-0.3356341665285099,1732888.7354649073
268,1.3090823660280038,10.764799481129426,1090144.6720319137
269,1.30979017430551,23.061318424105373,2189877.8088923013
270,1.3108526970257324,16.61051577678627,2536727.4897040003
271,1.3223787835451717,26.746838920357433,1818532.8891766926
272,1.3349775777621318,19.53007669602921,2193215.394592179
273,1.3551904872076133,22.41116875650573,1358832.378173247
274,1.4121094906565517,8.83194112138476,1836269.387110536
275,1.4815154355484468,24.86796194509514,2067040.7268750882
276,1.4820130914197391,6.505217327452932,1670667.5523892043
277,1.5166698756477524,13.14074008021288,2046743.2997455557
278,1.52780447030038,2.9806521282278866,1474949.4896802518
279,1.5370067926860358,10.81385373850459,2240499.972166228
280,1.5502551904155055,21.125451871871558,1307439.4831034755
281,1.550683137783614,20.281825842562288,1630583.6782391584
282,1.5723115148698137,26.289018007770355,1504050.0979271852
283,1.6099244110064728,20.239404450564766,1320031.047466078
284,1.6204962412398105,-2.3029049675811404,1964549.5090766682
285,1.6509075289363615,24.44548568351229,1922606.9395829525
286,1.6834234583543832,24.729864102004647,2322132.890445313
287,1.7066711125365421,26.008887368409038,1116559.9322079548
288,1.7107576830317808,5.973117155409728,2497151.6852799268
289,1.7675699345823466,20.8999377019978,1664125.5310137891
290,1.780635960224461,22.21326420106109,1873010.4784481232
291,1.7928257977044724,15.59744234061892,1982977.2229838585
292,1.8026990915835517,23.84247084113445,2001331.5536613974
293,1.805510749518344,25.69231740853073,1978731.805658234
294,1.808760736799844,17.9190177317949,2379233.358494405
295,1.830497787949847,13.166566123035375,1893592.915231628
296,1.8307742707531505,10.925554318446258,1635718.529411991
297,1.8400528643250764,18.742656174054552,1869471.6605490872
298,1.870995731287195,27.2247060423637,1846938.4355869682
299,1.8903724305933676,17.712488000768932,2183728.377401296
300,1.946543130874106,18.75029822798191,1682819.5449696588
301,1.9656961643126825,11.174923794752063,1102851.6122938266
302,1.9917699513688856,24.74273236838716,1417905.981985054
303,2.0386053870527494,23.898422911410705,1370792.909126197
304,2.085431898673714,15.328325418379793,2182892.058044672
305,2.118571784148818,24.84089751739716,2109552.484138736
306,2.119320827921948,0.046801853494111735,2575278.6314114933
307,2.1220207218626777,8.90744382919477,2450562.8971382976
308,2.131535713341382,24.12744595347464,1989386.3022194381
309,2.154806256744406,19.85006301959507,1911859.102879784
310,2.162277631970124,20.944097775956145,1644560.8967582562
311,2.184132866443095,17.966303264340347,2580163.709353656
312,2.1956695975435667,0.8583750201508957,1182017.3572881946
313,2.2006167837936648,21.559183185827017,2052367.1992123132
314,2.2127748843468757,10.600588078809114,1388792.6927834218
315,2.241998522972296,7.67682630090844,1243117.1074110484
316,2.243815821585845,0.9764822200401304,1635927.1415110147
317,2.2538549453872383,0.975880964723874,1242431.6082615405
318,2.2633736315784034,15.82346020236536,1734161.9241051376
319,2.3158018250020067,23.84409204827016,2112174.739262888
320,2.316904944198176,11.79708911210234,1242186.0966631877
321,2.3316615911235816,22.469470078180443,1912178.6213612985
322,2.3668263884140988,21.11193396633127,2268647.326023451
323,2.368491813970837,-0.0941110267813164,1827366.9411428275
324,2.372640563919121,10.88258239799989,1314247.8045275705
325,2.3758543445442446,2.1024074473764305,1817229.661225741
326,2.403142577183047,16.50803641467064,1711684.620074396
327,2.4082670020501222,16.535317554517437,1276212.216388168
328,2.4513387847610275,22.05742149585433,1688831.4608617553
329,2.481831789415786,16.366920604797713,2137769.479304552
330,2.5254547058496,20.233278496173888,2096626.6414948874
331,2.5256247678141914,17.59888356485682,1433293.8008010387
332,2.5297419395132796,20.839390594159607,2275302.33262639
333,2.5448128540495585,12.827695778353041,1621796.4002862573
334,2.5581686845719998,19.87276201969504,2626249.001228384
335,2.5837273139051278,20.902851551942184,1997582.9802985704
336,2.592692129155683,19.72929325168463,1317456.81366218
337,2.597136552856047,18.02108209041986,2047613.7121607154
338,2.6066412751821755,19.91776902705096,2452926.1281713843
339,2.6457548509083186,19.94068914848514,2131114.88847062
340,2.6665686895981664,16.58895200267764,1946493.076892304
341,2.6923254559818783,16.485191042198938,1677020.9185779097
342,2.699971673677349,23.364220264592248,2115493.199588465
343,2.703268014994641,20.470584244911226,2009018.291054028
344,2.7708058973946663,25.162918598131533,1944257.0711752132
345,2.7818014525539048,18.396349983647667,2070080.621966294
346,2.796754420053311,19.310050453540114,2253856.135731829
347,2.7997089044332792,21.06075925803457,1188214.498272698
348,2.8206184741438705,24.359197262803136,1322249.4869426426
349,2.832936243925439,19.369398981969915,1620248.2843904626
350,2.8457322347727434,21.97333401665856,2540644.241629967
351,2.854392202678049,19.055881399748788,2057225.2521690517
352,2.8898075460468453,10.058582767553503,963013.111946306
353,2.8920531869174844,10.03412462954874,2228373.23755292
354,2.897769552354588,-5.6634072429342615,1487901.213944757
355,2.903451537958084,15.6274516150213,2073404.2794044532
356,2.9069906716114597,23.181545958734105,1835765.8908436343
357,2.910397149679085,21.31455841458714,1908733.7672577372
358,2.9169191867995465,18.03280859114305,2325517.4580429285
359,2.9262687478055667,17.900015394850413,1156478.953946914
360,2.9444317503116952,16.387119671597205,2157798.3196558696
361,3.0103299793069325,0.4473198694398094,2013731.6563964959
362,3.0159413375163138,22.41695803064517,1940228.0616174848
363,3.021816263344812,25.14843760918024,1723811.5625722068
364,3.0337880181377006,17.86785910712682,1541249.782478969
365,3.0348042592828817,26.291484312476772,2172487.646540893
366,3.037934131798054,26.597918335138846,1997352.644268956
367,3.0707760570384646,14.697183493765428,2138151.7789060515
368,3.0782832618283527,20.89496330891834,1411348.3692718938
369,3.110787370778084,8.247757858443006,1470803.0253781802
370,3.118059830774622,24.629980713004603,1691461.0958857732
371,3.125748499153831,15.303865859971086,2455578.7344330125
372,3.134201469010192,15.830759752299493,1344206.1442349642
373,3.1477690270182968,16.874940972076658,2177571.0462991684
374,3.1568343363986315,18.91459331255513,2115724.3671560925
375,3.174046471710636,16.15201665138828,1302119.3028959846
376,3.2107484877750387,18.825433006842342,990050.1546716052
377,3.2740027308943214,16.254669082769023,1259593.72131287
378,3.287487578913302,23.831446858031182,1941836.6719037297
379,3.2915808704920413,8.69942021413829,849614.2982039602
380,3.2958075057316965,20.378593851587954,2067772.0645575647
381,3.303562773221256,22.962916095307484,931762.2503398785
382,3.3162647842672897,20.514134996440717,2029470.5921384904
383,3.3284542059695568,20.604234302962503,2280033.5760361385
384,3.3492003290343018,22.005407049247275,1426955.0904698141
385,3.352340682839713,18.7141319709128,1372768.1237339443
386,3.3567671768904614,23.066476634208428,1809557.6836328425
387,3.363616618923701,19.59499469801312,1308430.7803572821
388,3.3656038311514127,23.00776511432397,1134596.7193067607
389,3.383022457408261,13.36955849617801,1868115.2141653004
390,3.401529997770732,19.440729783328184,825013.0382033864
391,3.4063160117356954,16.079492112772588,2574857.6652923864
392,3.4143018222857577,22.030688576515807,1416963.5375895142
393,3.4201868778937694,24.57731400734748,1755782.9518669418
394,3.4296132608633436,19.636653455383765,2402141.6071004104
395,3.4412712996265,13.438894367193651,2527671.832857388
396,3.4428888313390984,28.54179792717026,2166858.5499615544
397,3.4461751584454365,17.799698283080875,2412697.9821760743
398,3.4480455620509067,13.915444221504895,1851295.6947753476
399,3.4494441820790533,18.828450997015,2683746.944447713
400,3.4495758838395782,25.750412884797548,1619675.1468149682
401,3.4519061437501826,20.74153166126168,811549.3463784724
402,3.457413256804397,16.512378965249198,1033826.8891376044
403,3.4588454605818884,26.69293754647425,1827789.9861069662
404,3.4628926639274606,18.6053626689299,2540730.721583324
405,3.4644260707786625,17.188132584688088,1468471.8085585958
406,3.475260949787982,9.42976301304377,2231423.5268692886
407,3.4871853510789164,18.499882662790267,2202341.732169901
408,3.5126722621242785,27.87621989228411,1670191.704761237
409,3.5217283309762837,19.67454024462557,1213238.4914106557
410,3.538255593370057,13.443791229224946,1866656.0728369013
411,3.5789465246885674,16.85192219271985,1436954.5429612375
412,3.581280917765552,20.13148355476469,1875034.4419718853
413,3.5922517695710567,22.318513013101374,1274841.5299159077
414,3.5930579779642846,10.008897280379076,1345815.6900014728
415,3.6083406566505154,16.019849977237662,1402526.1667224446
416,3.6137941116122985,18.699709967126022,1354716.0571241486
417,3.6228863952478014,19.93418754531578,1185643.4866786005
418,3.6248874330408976,17.046169299133243,2203310.6818396067
419,3.6262118049345577,15.826611811498694,1599598.0772588938
420,3.6530537420642735,16.72064357030381,2016027.948619532
421,3.661494429316324,16.353182044189378,1610990.771691182
422,3.665544672168517,18.135621818370527,1305284.2405159026
423,3.7015920280789327,21.61465396710492,2556054.0962032974
424,3.718904362681687,10.571072965798596,1335021.5989963287
425,3.7287320370529335,13.651291346283154,2485019.3377850307
426,3.731416513604568,26.02290569407995,1298292.461017679
427,3.7390451902959976,21.112903250005505,1577191.4539592608
428,3.7503818567833798,22.480417650136214,1745220.1323716769
429,3.7543181938664083,11.182277144232204,2432976.076046804
430,3.761093206828392,27.86581158009315,2061744.8691544791
431,3.7655082998131264,17.001756028112872,2000827.4337409863
432,3.7745730066167136,23.38013232262521,1249419.4379542023
433,3.775387712370724,21.19198350938249,2048313.2435141932
434,3.7809631102851893,26.78163783040441,2106032.7916139998
435,3.782238957025268,18.25021057567161,2040303.2457189902
436,3.7851900103583396,12.50980104324744,1651477.006297293
437,3.789812715234012,17.602378922714074,1531808.8117055597
438,3.817314521048833,22.76477951467097,1994736.002026392
439,3.8392822901635535,14.728783343616518,1378351.901491572
440,3.8472625080993414,22.155525712522785,1920772.3588416618
441,3.851030186505948,11.630918741395659,1921767.294074276
442,3.8866510406517545,16.991249752566677,1508628.754111539
443,3.922760292744423,-2.15854384313768,1926569.8418686436
444,3.952911305411367,17.217167354959074,2036407.0743588463
445,3.960839522275671,-2.7616801764776127,1535269.1532046138
446,3.9654309669120282,9.892110784920774,2314732.8257826823
447,3.9746585529936787,18.111557353855687,1568591.3760015476
448,3.979398446404748,24.09689277394186,1446802.4476497837
449,3.981479932904717,15.0803418113429,1981102.5205334385
450,3.9818603763027114,28.386815367159308,2496847.5502516543
451,3.995725591044169,19.14247343194234,1302951.7763892987
452,4.007508381521512,25.501650998564948,1392018.2287360409
453,4.030079771956748,11.281785434617074,1959687.9220833736
454,4.071456949112305,18.5979514501231,1449849.3068718486
455,4.077091294940678,15.783110446513676,2061026.4203112042
456,4.0856456575017255,21.874955641816513,2149635.526750769
457,4.101249838942019,26.523198541979752,2126506.7126868027
458,4.150094920258992,-3.8129533791047967,1393346.0910006294
459,4.153127379313272,-4.258068609955878,997760.7987821104
460,4.157929474042837,10.678390415292895,2641008.385191006
461,4.158937880231953,9.358023314650557,1758694.7901041382
462,4.15941604746825,2.770255600688107,1668562.098140163
463,4.182921649894661,17.288464872975563,1267121.3231182524
464,4.194900070541372,2.3863530237726702,1653192.1573914587
465,4.210125405479757,21.423767557737023,1990613.2365576925
466,4.226614097216111,17.912281143889984,1662374.6237850615
467,4.228356224968194,23.171209322827053,1684082.4433269778
468,4.255284236935895,19.528013562239625,1727488.7276081638
469,4.257737421397616,16.481931515927666,1327235.1809843844
470,4.260116261856801,16.399745549429774,1867847.4589250984
471,4.271829445724505,28.695712528041682,1575299.9128640762
472,4.2954818270863315,18.28897370305663,2169043.2082063393
473,4.34138638716429,10.268744844763113,1757942.2482023283
474,4.357591594542441,10.415310589236938,2131634.599728776
475,4.37451872737712,10.501421459293557,1449070.987291634
476,4.400596720564371,-5.656496243409883,1997239.555099181
477,4.411158416054689,16.44701698824124,1670551.968605391
478,4.412165089567049,18.128943481914614,1729163.7569932004
479,4.432638646478033,1.6259716977555525,1775696.0005499425
480,4.442746547019629,16.74929118286929,2241795.300506056
481,4.4500087117191365,17.93156554011111,1363920.039563839
482,4.4917138902942835,-2.490412098165541,1285832.3836033898
483,4.5104181872583045,19.66100702604223,1363529.424582209
484,4.514496786221873,2.360804898490781,1725595.4194947013
485,4.517793854430819,8.736129018225535,1726128.6432455694
486,4.529483287858207,23.531610409967676,1723890.14291444
487,4.537664533263083,15.294652443839693,2432893.545899008
488,4.538226804433182,15.616890720531691,2699818.911163935
489,4.541560889267731,25.18403337151293,1058336.160245485
490,4.5576388162400665,8.881627344059444,1604287.5358834863
491,4.572943404167344,19.511279691446024,1807585.483350392
492,4.573072323230838,17.789124512381612,1278463.813443003
493,4.574402580957154,17.080236054450623,2193957.7501533288
494,4.5761340225852125,27.356507878032666,1514408.3590712396
495,4.585911040285981,12.666603031565314,1810765.7004813
496,4.5945865867926505,8.202909296028976,1488114.8152718588
497,4.602675443879802,23.310337596508035,1486982.8841515954
498,4.6102544883587315,19.594028487017475,2993347.672080355
499,4.6167442980508495,16.859363065932314,1893752.5705301338
500,4.630707663906903,19.14515251578871,2095122.8049982872
501,4.645153370074713,15.900338023806839,1952029.0412141809
502,4.659579398960123,-4.336490793404288,2594165.146417384
503,4.665972098478027,12.781053678854592,1149597.561119923
504,4.684764045869128,17.578361487991305,2353306.4190165275
505,4.691201970527151,11.033214851334858,2161641.4804676813
506,4.694797217424989,13.856219606128368,1814164.196340633
507,4.705696884558898,10.049233457574763,1584971.6354361072
508,4.708637259363961,22.487200963513786,1609491.4047114018
509,4.718276888405906,11.556132568921365,2330440.370964685
510,4.719164058159212,8.146005018746367,1532640.0378918543
511,4.729369644613589,30.259985472750483,1647091.3708742175
512,4.753602130476545,-5.898032872068376,2363068.675289729
513,4.761473487173727,-3.4508330891883454,1883402.0011127
514,4.783039856099172,10.776140484794052,2295073.3961936617
515,4.803531208863327,24.16089885234776,1450126.3129724457
516,4.810134146414653,8.123023481161816,1834672.0025874674
517,4.832340573084895,10.301803831934723,1245417.7652086532
518,4.833162073690833,-4.111804811980987,1602030.74171607
519,4.8346496023080325,27.30774262942413,1534804.635282074
520,4.841943832836325,12.473905762354565,1303253.520745784
521,4.85012005192028,25.141961709865022,1850714.4497042256
522,4.856247062406012,17.295595007755644,2526566.5109535414
523,4.8692276526012295,19.640736226514736,1753292.4955178585
524,4.871967606305461,16.470402114196947,1849123.3017162557
525,4.8843668586246665,12.684061879543949,1688875.5323764468
526,4.894563901492098,9.07217201238739,1656917.7595166757
527,4.895555809484044,26.15714328641881,1065256.0117055795
528,4.896644850386154,19.087257544996792,2198126.4580972493
529,4.899444520378394,9.27978236037167,2062917.7535218853
530,4.89977075521653,18.637873345848533,2268091.4428617274
531,4.904239483742046,-5.676965381059662,1892060.5985580808
532,4.907155720139035,20.12568808848766,1316774.0170112147
533,4.92446999864646,-3.5642192003474937,2421717.6750036217
534,4.930148293197739,11.854682486479462,2314820.7609275617
535,4.934820318440835,12.095412404661795,1807938.055467925
536,4.9368676391175965,21.004082276927768,738763.264962472
537,4.936974785178314,-4.076582041171113,1973287.102633289
538,4.944194693526896,15.554484761535162,844153.536101138
539,4.9529795417803975,9.917716843852402,1885421.1832928872
540,4.953339435561946,-4.513157084947103,1670590.4272384942
541,4.9625693620026565,11.346054187691164,1985593.033688409
542,4.963331205953919,31.113704701718248,1799223.9528601726
543,4.971311652407625,16.70260795333873,1329216.6321272298
544,4.979392198257013,28.75271458334259,2252352.091350726
545,4.985284504234048,18.713838094573568,1748550.6499984437
546,5.018610364978259,15.222587706584356,2458726.5215814114
547,5.022879450266017,24.579037120757665,1621608.0569263014
548,5.037201662181687,21.055274409176047,2000949.6698289048
549,5.04249171635476,10.506675209644971,1773783.2552354252
550,5.047635447356832,10.766027994087944,1175098.025539358
551,5.0480869742379815,26.467072951683477,1022040.7732828921
552,5.0611786995640635,-3.2776295354592166,934445.5195657377
553,5.071832764494827,18.349026555695442,1156619.899640126
554,5.079721487392082,11.007566519080234,1322600.084157395
555,5.114831477400231,11.321654354010048,1339244.460853349
556,5.1337219407565415,8.421941598688328,2749698.510992208
557,5.139390029130992,17.01361702794775,2515277.1351193744
558,5.142770204110109,27.07325960923191,991198.8204943816
559,5.150962263437113,17.442743879363068,2124534.304519849
560,5.166852410650364,16.31637564157324,1801244.5902318829
561,5.191530317229625,21.370024345835112,1737817.0533837485
562,5.1999153783703935,21.282628890418717,2097937.1454034536
563,5.201092169223014,13.105437290924867,1942484.2321313918
564,5.2041190355660945,9.476115446324917,2185336.364034031
565,5.207864434800563,3.484880384648126,1503295.685064846
566,5.212000296809172,15.753773410928792,1815172.8519504624
567,5.214094228612546,24.583339432903557,2034796.800996576
568,5.216780360508396,-3.362257134750085,1910929.651265698
569,5.219145280176921,28.77001075083579,1678808.9331904694
570,5.233852948879879,19.411611598253657,2251371.292264334
571,5.234889375327672,-5.256191853207897,1078177.073005853
572,5.237072512608013,11.517703294953096,1792911.1241496038
573,5.250500013787754,-4.291436147617463,984809.1784598572
574,5.256855898017771,30.922493600525254,1735251.966497994
575,5.279303722365294,12.514818685146484,1436853.615034904
576,5.313024715199294,9.339497233368958,1235561.1293709704
577,5.313805846438886,11.12152829000456,1277853.6724259278
578,5.323029381377432,-3.966087488432199,1459340.8975218025
579,5.323685909874898,2.7269274903051546,2062314.4726934182
580,5.341419959763673,11.703968459768697,2457351.365592331
581,5.34814209347053,27.835876543391407,1975939.9167794203
582,5.353190509671943,-5.121919789487356,1165023.5267422562
583,5.355935655116667,-4.842456293069716,1301682.329670127
584,5.356304840223398,-5.401936812029941,1514029.4895640442
585,5.370232931685095,18.5986954686957,2037562.9121969852
586,5.372286233944443,-4.2405651446126615,1580360.1335002375
587,5.379179793849201,14.196637636171966,2074218.3551192288
588,5.380395489014778,22.62354606802619,1802810.9999639648
589,5.41627617315184,11.23038454419767,1227180.1616796958
590,5.4237144496231755,-1.7582088571030503,1604814.0033879983
591,5.424097263383978,-6.674343328970188,2422448.1811480857
592,5.427976757915551,11.770648383527814,1564462.477940002
593,5.512373212365078,11.874519832471574,1321679.987345955
594,5.524997678351537,10.491758461002457,2126341.444506709
595,5.5335018517263554,22.15508331781801,2259220.595338515
596,5.53555237761255,15.894085573340455,1139068.4189141858
597,5.5364497019433125,27.223471301935593,1714969.4031104443
598,5.537640025274116,23.76483239275007,1457701.8321558302
599,5.546828517248837,9.820094903374002,2180311.17193667
600,5.5675458919978,10.746163018670128,2266084.733751736
601,5.569351135183696,-4.552160690052709,1240348.0858275937
602,5.578712180686037,-3.756699825548657,362915.46296394826
603,5.580065666567818,14.852456041855753,1646014.5291473188
604,5.584724190268608,-3.735642310823682,3019341.342483781
605,5.595324442970538,9.980102237832876,1195664.4552161118
606,5.598302904011168,16.523672474887,1367513.2192604777
607,5.6054133279703455,2.5025450697696714,2609181.8913950454
608,5.6055842672918725,11.30463223918782,2495640.98859472
609,5.610719528686075,11.147815365191589,958952.0881750756
610,5.61284837776202,11.262042887525508,1425149.4056744769
611,5.6187972937762245,9.779012257292472,1487025.8123015189
612,5.629840246499117,8.419998009699501,1624071.1764632058
613,5.641097148921702,21.200853645087534,1913599.9277101038
614,5.642171853838952,-4.61682423270125,1129487.9576390877
615,5.642455859550124,20.162848927079263,1531142.2300458488
616,5.6547041644038885,9.20778568597535,1199291.624029034
617,5.671822838748512,13.575052691075964,1420681.6558726132
618,5.6755724621121075,14.316811777260599,1565857.279014641
619,5.6771555662323125,-4.562049649028533,2194374.5585823697
620,5.678726838635355,21.878445484314213,1668937.1217840489
621,5.684819489574058,-6.324993303179531,2041837.849122073
622,5.709789874970803,2.2700640542400934,1353687.236717503
623,5.713644363886751,-5.189803730980512,1609179.4740142568
624,5.728220437728393,10.929913409255901,1518762.7078765738
625,5.739033523470187,25.307302028841356,1882168.4144703408
626,5.7430803047441525,19.872242105637206,1656051.1929648262
627,5.7516097958825325,12.955951113874411,1620260.549576155
628,5.7763403723685025,12.499505071106329,2191548.576645021
629,5.789899231268308,-5.115808285777848,1360871.7251502508
630,5.80675333509776,12.470954772077718,2068610.046990216
631,5.810287671605482,11.102756897499404,1349532.2491507977
632,5.8132670803387585,16.572116703570824,2033616.640671556
633,5.833907659203888,11.638541478853796,1348039.326590619
634,5.8350555059772455,30.10109256714953,1826969.6738570929
635,5.83540010632239,24.19028139791238,1291841.4930546924
636,5.844227117333199,9.139608130513816,1573709.908240874
637,5.844310137928126,-3.9611549756273208,1546843.7465772566
638,5.84446012462888,11.705372178322468,1319059.811066836
639,5.857638209621463,9.790813784091194,1820744.9881759074
640,5.879952842012414,28.40438427826972,1437716.8554347008
641,5.891375171336308,16.677850279231116,1696115.214144811
642,5.919497529422174,10.411333158069247,1247829.745157755
643,5.923604218543794,11.648177224240651,1487799.9741916682
644,5.932184305666747,18.430274818742987,2391210.832034371
645,5.938227879293704,10.152812536265131,1007870.5340025148
646,5.948615154394847,24.69156100021841,1554629.0212244329
647,5.951456856111776,12.756504355127475,2168307.089180286
648,5.973193922657889,-4.599688818090514,1908879.7021790275
649,5.973204598611658,12.076265316597738,1110336.4938337891
650,5.977388663966629,-4.624164297165402,2392319.0643212628
651,5.9861618411081485,-6.4098400328942535,2028907.225134649
652,6.004317008644184,10.480815889328241,1586671.92278829
653,6.009140878070159,26.663925036704914,1620830.5688841003
654,6.014486569024049,14.018422774531707,1677881.3525369125
655,6.016538498068662,11.935372598379585,1597325.0681002224
656,6.01795721634087,-6.162271810701332,2723918.961627143
657,6.0213223867746795,10.267415305434458,1020448.6898146572
658,6.048334446297037,8.232473309743746,2335227.327421308
659,6.054620951024909,11.851824814192286,1415729.431235897
660,6.064826922801232,11.123511352688034,1085637.42417443
661,6.069665673742929,-5.093773736280567,914748.2549971236
662,6.079571271313993,13.301438616827221,1458364.6718944826
663,6.086559181996247,32.133786944666035,2211368.49307056
664,6.094431203970738,11.862073030951438,1480346.6910962015
665,6.095988048667666,9.723696774044424,1630368.7256627853
666,6.104850111913505,11.393570011041426,880491.2795312703
667,6.112560343787456,2.440236022613614,2481489.251035133
668,6.119473401612121,13.9951338111897,2216900.091817869
669,6.140449096871847,15.754317362839613,1447827.52613537
670,6.147476366554767,-5.840227923364828,1992243.8826012826
671,6.1524135060646135,-0.9441649590118034,2217143.1088021826
672,6.155966766090628,12.296176493642097,1288017.3536749291
673,6.165238837654019,23.30866960339274,2393169.1040551024
674,6.166020681466781,12.44641487536021,1392735.222387793
675,6.169913107664922,16.817360035096062,1868946.7521783498
676,6.179555141577272,14.187107823875964,1746656.822173723
677,6.181012224958548,10.119191666032108,2060306.9320454132
678,6.1822348227553485,11.04826796593842,1392474.9509897085
679,6.204439228944034,15.862214275446089,725177.0252228848
680,6.230701792502966,12.880096086845008,1197599.4441724785
681,6.255434215539773,23.746710438307826,910796.3705901057
682,6.261702244266758,28.77659723623973,1851370.1174275156
683,6.2639885941541,22.62829570701918,2587289.9901254904
684,6.342045836215434,8.877289536223453,1345064.4993489343
685,6.346747003694214,11.138122021743582,1465954.4311663404
686,6.351615654007108,13.0751204618722,1396437.3335641408
687,6.3664332858007695,27.067790206125427,1551098.6226477798
688,6.377390925799147,22.39610454101245,1558045.7069778019
689,6.385250074080425,11.419322007347793,1391090.0244289744
690,6.390180640288997,10.967308947837699,1752581.7384012043
691,6.3964607422762905,12.163123599767616,1656329.8621414497
692,6.40483337843253,-7.199019518116147,686526.7226073359
693,6.426452270862177,-5.0602830942837045,3107872.0764656155
694,6.432036318152533,8.942548100871106,2361422.4379083943
695,6.433656918189257,7.671252734183472,2030632.8743962303
696,6.444722440326682,4.6382285131536465,1684210.1883542326
697,6.454250636083933,11.976669488754027,1155369.4743530026
698,6.455478956714453,15.307105271981216,2084554.164736931
699,6.4605752521116475,30.8853768476933,1597503.0172350153
700,6.484684916412352,11.4384407538761,1506622.4607705541
701,6.539841800426474,10.87048097611952,1302491.6240413277
702,6.5460329990555,10.912583037583714,2296640.8453482604
703,6.5623212622716105,15.292219159088509,1928539.131768048
704,6.573711195617107,10.077139121789964,1525880.049614768
705,6.583686708343303,-3.7532445238342302,1194004.4974575618
706,6.584963779618387,8.260389741291489,2197102.8348031854
707,6.587599036895485,11.567297176919437,1153068.7126131465
708,6.600224776547406,16.373548510826662,2073189.32682808
709,6.60877461073427,21.433857352944493,1944695.9153616002
710,6.6101893781512855,26.24630011547852,1113472.8473345086
711,6.6158008274872016,2.9104093415480907,2196340.314445219
712,6.6159293915491375,12.445122351533993,1237258.1945133528
713,6.616881046283545,20.45046011241116,2155363.576353661
714,6.643140482775315,11.92603084068213,1759280.6086343315
715,6.661626640830433,26.23739576389939,1773055.86735851
716,6.663099656736955,11.982745974734694,1677757.141546213
717,6.676981934346633,10.698465020907221,1671312.5140605762
718,6.698494923985495,7.280744378016053,2055689.8172279557
719,6.701756912546385,8.700341504218965,2005618.3400031712
720,6.702110605983942,20.608188527616395,1734763.230030824
721,6.720845825778638,18.019438174059005,1568704.0494023159
722,6.73132589370531,24.512284656568244,2278070.522671832
723,6.734556760320856,3.0338624822454436,1458903.404584687
724,6.740795114970112,14.075637378639927,1855178.5615272825
725,6.7421061452307685,3.081474342363682,2414314.4920734423
726,6.748986440356712,13.216945695890768,1233557.6424707791
727,6.751305809207188,10.692651767637008,1060192.0491483596
728,6.755964051193779,18.519521694050308,1929395.615921489
729,6.768055178982783,12.939149940896993,1554363.6566560185
730,6.779338788310465,17.919931582975874,1913061.7147311568
731,6.7809698909918,29.647328991073376,1896444.4669628784
732,6.787737014632068,24.256798325171538,1985856.839123049
733,6.803755095302293,20.16643944078445,1518510.12820511
734,6.807445525008688,12.087259773941504,1412846.2810601508
735,6.829309597510794,12.661332346918702,1983146.856738521
736,6.830721551797736,28.446194783030357,1042212.3263456993
737,6.833740886342462,9.568024188222797,1178945.9676947445
738,6.838856906816776,23.4649662335901,883867.2199219998
739,6.842760345423089,11.371645286710985,1618749.8528909471
740,6.8454832171579945,8.570606464329616,2091718.6962573656
741,6.848070274404173,12.819373755868911,1225586.8309044412
742,6.8480906659648975,11.137855607035773,2100063.180218318
743,6.8494170636289855,13.460151962306918,1574342.6047265532
744,6.861456831154834,10.999309674144897,1486496.538356213
745,6.88716485827187,1.9706372064269135,843285.8781556466
746,6.900103340867936,11.324118965262278,1618246.3566240456
747,6.903637256432729,19.55665134991524,2332643.115161253
748,6.904070042178688,1.9569772586349925,1989075.9306560669
749,6.907076801604388,27.51746962396725,1891798.0404304608
750,6.913058587455324,12.303305539790676,1162563.2136461458
751,6.914837912728497,19.222266771607444,2028641.1329704737
752,6.927912396498788,32.17106338717058,1373691.4427551841
753,6.932906891629538,11.215021766066714,1454175.7991537454
754,6.934339166310128,12.778829491679268,1355530.444665679
755,6.934547998862683,29.77674457559937,1481380.2928464222
756,6.9517106872604275,10.041117871594679,1533144.9893502789
757,6.9525935217656025,2.0950107466212,1313804.802651118
758,6.952985954909048,9.492193234131694,1909313.3492528328
759,6.964564128222593,2.529264369519326,796486.8148389672
760,6.968296425793636,25.95167799288361,1558870.6966289985
761,6.986659308587872,12.920227413703484,1685268.7362448447
762,6.990878954653617,21.577383024448675,2525692.7723863297
763,6.991387554700386,13.270274963695742,978301.9777387382
764,6.999790833780111,10.476708337211743,1361248.307927911
765,7.001557116732773,33.60828147794773,1988809.8384918915
766,7.019251981192182,12.637554889580755,1255616.5789387056
767,7.025318885100929,11.556419357460722,966086.8922115436
768,7.056448788229022,14.233300144182653,1221865.0746425348
769,7.071230034735071,11.339554194078838,1394101.3354009816
770,7.0796959118550085,14.462520558535967,1872923.9984947657
771,7.0807663497181155,13.504929180209501,1720604.9441093847
772,7.096631384693133,25.533679330907642,1490979.775553569
773,7.123885386065352,11.756926273405865,1087994.5226146707
774,7.1470790840348295,28.8737078916313,1648376.408931134
775,7.161859436550039,13.859917486808197,1830187.7259675947
776,7.163752706399372,9.935577766237405,1208328.7791548565
777,7.1641426750586055,16.434144031744143,1415688.0622197476
778,7.192464620664228,10.842301108981712,1558725.4893034697
779,7.203736214326334,33.37358578411818,2134643.727913499
780,7.21601721384866,10.131826360204046,1210494.8317365989
781,7.226350634850879,9.983458763657909,980078.3508191152
782,7.234971217756036,11.956615627645155,1465611.9414472156
783,7.239317653883218,9.972285930416644,1898780.673010541
784,7.239466172857117,10.395555007805127,1030729.7218657498
785,7.243813330373629,16.882102698775743,1320437.8774389625
786,7.279764705558739,21.045655603931948,2360211.094907884
787,7.282059811506115,11.93841153212116,1113281.3857070038
788,7.287403635258437,2.74237440729147,2369587.933312037
789,7.287706672783679,7.493111058729074,2201138.288780514
790,7.293473514130813,22.095465623863877,1339226.2709593135
791,7.301287321926478,7.954917434511121,1857446.3735733717
792,7.309187458175554,10.598620896874657,1539776.7128888518
793,7.313034198794532,11.620069718043744,1469152.4224222773
794,7.323508363371839,15.22480413478264,1009823.4010261616
795,7.324349971968639,13.728787371062605,2203468.050408576
796,7.3378293045584035,12.950745479915168,1357820.292469114
797,7.338248911503956,12.225988208954652,1407481.50962671
798,7.367549522818946,11.06127110592266,1799572.7830566466
799,7.3809077908842005,14.580358424090877,2316530.6109668952
800,7.383555813810469,30.80614982569661,2042475.6387780819
801,7.383902715958004,-2.548453291077547,1963283.700336303
802,7.391228351321004,27.974727843759204,1604019.2609320262
803,7.391722003962106,11.105221772138181,1524678.165359157
804,7.412108974588889,8.377211359734583,2562351.333576122
805,7.425943806736971,12.291942074776196,1706339.077957507
806,7.434474974392036,9.502969746291065,2341455.3392545455
807,7.4372474731895455,28.633122541262995,2669424.949479955
808,7.440347173857423,15.34395261929251,1855204.754974693
809,7.451644283519085,16.154948105020303,1738315.0407113137
810,7.46439528720493,12.738917198636694,1203922.874992713
811,7.464846231559843,24.810780386363774,2648261.0597408246
812,7.466265875248087,25.76727614688725,763413.0140234319
813,7.468946836371883,12.14715385977635,885256.9278263089
814,7.468986428156486,4.288482932034819,1915448.644597616
815,7.469363607415303,4.688821614129088,2151797.5255846977
816,7.4774069963074785,12.187693829946925,1745048.2118874788
817,7.479800133592919,14.65709487928975,1941531.4974529403
818,7.495747520459722,9.614749979884516,1291993.9763378352
819,7.515769319056668,12.879599500314848,1108198.2977754837
820,7.5471960851534545,9.109846473244156,1371627.3575222918
821,7.5588497242977715,10.573029690567477,1938416.76394056
822,7.5720385106033055,11.412454674097324,1547787.5422220675
823,7.588924735717699,21.56196972436132,1438308.390788734
824,7.592359202473334,24.093428518347245,1771970.086597971
825,7.594448799932207,4.320049416678392,1210742.2142954809
826,7.609781062723933,10.505799493867107,1287297.7614668864
827,7.617091695148331,7.870396884148966,2453350.628327046
828,7.625079635365231,14.323984185363676,1858901.3572117046
829,7.6365893289320805,10.334517187775123,1180238.2817092752
830,7.644438976964206,17.258101993690232,2396873.8137877416
831,7.645860887280477,4.2850433501383725,2229452.3660093546
832,7.660155624922936,2.629731629801231,1047291.1526449027
833,7.6609290027618515,11.575135042390967,2058629.5119885888
834,7.675290373416704,6.220905928183777,1601628.7970290119
835,7.679830275026572,10.030817488236769,1457866.476682414
836,7.688294187044687,9.124005347791686,1368737.035331183
837,7.696895636267264,15.713517946778627,1754546.6627260402
838,7.7022411677918585,13.411904768539154,1231277.565238997
839,7.704248194930122,9.453851909229037,2249612.381482231
840,7.704748464041716,15.577019372184274,2507879.3571862797
841,7.70689073000996,7.933152148161827,820967.138029768
842,7.715391842460443,11.21938796018747,1072340.1958655035
843,7.726023136841566,20.856742654564666,1387229.297376637
844,7.737772625982473,10.639055683181144,1567941.0093330913
845,7.743506781338549,14.164573780932818,1491083.5099206972
846,7.763390999269139,30.24147153420969,1838468.3893860453
847,7.765588791109597,3.1292386757084816,2304524.44936548
848,7.771230016991677,13.516517744562723,1456017.0321991404
849,7.776379181739155,9.994994174220684,1272143.500890317
850,7.783105861395492,9.33974579294436,1690027.5243512755
851,7.789905908497447,10.651264405681664,1267156.5595415554
852,7.800660304892424,9.387837760884313,1648212.1801735568
853,7.800661919618616,9.441563501807556,2025181.1032981747
854,7.814988265327157,12.834027523492411,1928615.4253807447
855,7.825957965835525,12.958827735773045,1092627.9563656345
856,7.8300184815461105,16.141849340890566,1393128.0201567071
857,7.844337944942971,11.20023858375691,1435893.1886298317
858,7.8555747452228015,4.064600514175633,1766012.7403879806
859,7.869592321295618,12.482159792150304,2342840.681584286
860,7.8708933514152575,12.832725080968812,1340861.906230982
861,7.873869528994191,9.08016563045983,1980693.611715521
862,7.881944986236433,3.7150328368405936,1653250.468994624
863,7.890222677785966,10.464172084356317,963358.5120484766
864,7.900913932681429,12.277964071435099,1801222.3465900337
865,7.9104954885362035,14.264035527365838,1705819.990352861
866,7.92519996767472,10.96513123825974,908009.4709393701
867,7.9419713101560605,28.646968544864148,1341431.509769921
868,7.975985473634716,10.037611580641991,1018571.1809234428
869,7.990260343838495,10.92606203128776,1583740.023696529
870,7.995243468870357,14.239632242453268,1013390.2833331376
871,8.001239718378391,13.8391703495054,2369491.059133517
872,8.015440539121794,14.366806256785244,2213295.374531299
873,8.01875535439917,9.338007048445196,1894037.1644151001
874,8.019268397159772,10.207099350762755,1321021.2013551171
875,8.023913473822537,13.6486354399595,1830689.351273967
876,8.027201960856324,11.492934668175984,1717171.003942245
877,8.030283731214219,14.014553397027075,2076394.9058683857
878,8.057690401914417,8.753620591503685,2340909.226664475
879,8.058217912429296,26.577755995033623,1498802.0536423263
880,8.061706542210862,14.995360714456432,1791038.500544216
881,8.100520334452133,11.946900845124311,1271706.1118954527
882,8.113067652970853,9.630440754636536,1012142.3526600536
883,8.117222216581265,12.002097165940606,968633.5813187595
884,8.120176541798244,14.405774845177715,1428789.4633266008
885,8.12426026230265,10.434279194116144,1120730.6150546565
886,8.126048150317725,28.39711615627644,1420515.7640390096
887,8.135650749071242,12.404553920845206,1337812.448452626
888,8.136549486916195,11.851179826247627,1525165.2387503004
889,8.149934513466608,10.768663384207377,729271.3105146375
890,8.185182298755725,22.60745211650978,1958309.439942241
891,8.190544473793349,10.222273990398023,1465096.5957636281
892,8.190961290324255,10.801038526257472,1547158.795541951
893,8.191085875513263,12.63106677329128,2046167.043902512
894,8.194238780202163,30.74190930687091,1888903.4566070356
895,8.199763557634327,5.590176338109301,1583412.0858926326
896,8.221522290161758,32.65466852967576,1814503.2559654543
897,8.224812931786317,8.200041383182349,1994449.9529499032
898,8.238987017425838,13.51429430839891,1056705.929970901
899,8.239685441182296,4.750952275723948,2143105.666618794
900,8.251858755282969,18.25165179556804,2121676.308368998
901,8.291584818107241,8.064267428825628,1973919.487292213
902,8.302326812923392,22.970390380754555,1790219.4356013625
903,8.313974691857515,18.391442075386028,1328842.543963609
904,8.33393957811919,17.467212767157722,1464858.360122889
905,8.351437753077807,11.736594972717647,1576469.1592526757
906,8.351567314164122,14.733081498268467,1118365.0972920335
907,8.356041924750606,21.68141087174889,1267269.960538085
908,8.361081899459128,8.405178264426896,2048847.298803074
909,8.367952087916587,10.29751021129818,841567.5048516799
910,8.373868475926315,13.279071206952436,1345649.7981678694
911,8.373885231556226,11.66497144594333,1252135.1371625706
912,8.375146259973299,6.330584773602066,1391186.794665243
913,8.380439521185888,16.08221406688568,1218015.4694111221
914,8.391433538576353,18.801571652676774,2133400.5785839898
915,8.393865106462732,10.167961077982136,1467101.0181440841
916,8.394843011687065,4.759616298818429,2391772.535962186
917,8.404173333025213,33.92711138407801,1992049.302706229
918,8.420292914029089,8.901277909421465,2393192.8028884744
919,8.424115080513518,11.033346246252112,1530845.37097519
920,8.429834628000286,25.366513980551538,1556128.8039732194
921,8.440945339714661,13.330829602209745,1344528.6770417755
922,8.446884650140518,10.822028775915351,1727499.5376023331
923,8.446972957104409,12.975378733770475,1570060.5997283545
924,8.458263827422549,9.972612994505395,1731775.0981809306
925,8.461788940014996,8.857185810608845,2533982.1669539167
926,8.495936984628718,19.73661815437306,2154459.4866489726
927,8.503526251987616,3.7140809674542328,1725031.7406641054
928,8.508318689170956,16.724726973463813,2663824.12519306
929,8.508464492957161,10.597051466089734,2447745.4384655827
930,8.519676172821997,13.30582443376802,1492192.9895146086
931,8.535745647760121,11.1627932294812,1714362.48430317
932,8.53801026258892,5.914517019405923,1763296.937237361
933,8.554934213332476,14.108672092025024,1423946.8977653557
934,8.55800576427665,15.166476219685766,1892589.664618884
935,8.577943671911179,4.753622833823855,1691867.0943206444
936,8.595195275035442,-0.5394727248576505,1786736.954402711
937,8.60110578999438,15.770051870220033,1130179.3814969382
938,8.601464298078348,5.611422379546528,1526165.1632109925
939,8.608726222003941,24.924976898211174,1816648.8319236252
940,8.610464061771882,28.43015383123663,1526994.830263513
941,8.61135366676562,16.616842137243662,1264135.7898246495
942,8.613276621385268,9.489589839659075,1930254.386804466
943,8.616572157385002,7.219927380848385,2441144.066064486
944,8.622090057250588,27.47360041011365,1867842.8854660261
945,8.625411289100747,12.387340635781571,1423558.673455513
946,8.62739575696172,12.491510106863394,1143256.9798281684
947,8.642125765173073,12.476036816877167,2042818.4403239617
948,8.644160957725457,8.71573841432687,2068288.8654326757
949,8.657271287224669,11.00020705526542,1140979.7090371805
950,8.662781470462235,31.33223210285955,1505124.445040045
951,8.664645106036655,3.932183753004983,1698303.5103684026
952,8.674333166410692,10.200226574354783,897638.0091293581
953,8.676060059675722,9.81716577344047,1907051.9816263446
954,8.678441861437253,29.59974817551128,1266817.2920322313
955,8.6819989027543,28.939083369245658,2180282.068106213
956,8.690185364875793,11.441898873777234,1351408.9265039992
957,8.690822897059311,10.46604991639528,1531226.942980928
958,8.693001246896348,12.600033584576154,895600.6370551351
959,8.694377259912901,17.765002787425612,1795686.5901526597
960,8.70388076930148,10.285952081846556,1455025.2152340752
961,8.710742397269629,12.924030536722922,2274883.445352316
962,8.715644128475398,4.7831313720810895,2558626.04327766
963,8.715658187845598,14.442245857022106,2319238.7223908943
964,8.71625250465945,10.648279226737085,1243226.9743710223
965,8.722807937877779,14.565185967566169,1564419.3419055748
966,8.728463577385991,15.194549408568768,1664377.6949162462
967,8.74152579615676,15.669293184927854,1760637.8865561315
968,8.749935860029629,13.78575140027916,2439222.1738318247
969,8.756360994884751,31.20922937643012,1485899.28617834
970,8.761638827864491,10.681614672143898,1105168.3811404344
971,8.765291265295764,11.961189672826345,1482107.4728388342
972,8.795632574630094,2.4774690963004016,1279807.059160833
973,8.796226624341251,9.832261022810496,1553477.2371341074
974,8.798359650404313,7.512402839437182,807690.7501422934
975,8.801852109527713,1.9100506248940743,2478603.1904763407
976,8.805482258590196,18.979954561941785,1112198.9310985166
977,8.817046590755169,8.03844270090445,1487159.06626811
978,8.829081347099912,26.763082133618607,1255159.648800535
979,8.851039073317663,34.95160113473087,1920313.9735119685
980,8.852605258446463,10.205421380474547,2039724.7031464109
981,8.855951103678366,11.17758507991015,1919270.3933055915
982,8.869476769324658,10.50776444387918,869672.3463279861
983,8.879887715212606,8.96296878654013,2058756.1136510759
984,8.890934495456758,9.867130379921916,1376823.430681335
985,8.903441407648922,24.91885059068905,2596991.336239236
986,8.919718004761146,12.59032439546445,1292181.3842175263
987,8.933684170402309,5.248561724399512,1951851.299963892
988,8.940632281333293,19.13527437194156,1597076.7500610757
989,8.99367872670453,9.96085048683027,2017752.14268959
990,8.995247669751473,30.851371906406552,1906887.337099761
991,9.029514168074106,12.213631492830265,1190220.5837291798
992,9.054891067892296,9.318701049173086,1797767.9297993227
993,9.067366823538713,2.749615739846213,2276756.6926112133
994,9.074632667314855,16.109741869974073,1250441.9178834984
995,9.106552583144802,15.070488007636738,1318451.644952542
996,9.116148291613245,28.505677564481296,1175990.3697696116
997,9.118942188821519,26.04647461570045,1659057.3068242518
998,9.12483011906347,28.586300013434066,1538848.6125240368
999,9.135676231112226,7.597651656269082,1591471.4562573603
1000,9.13839801588006,12.47908686701972,1478486.124792003
1001,9.142777291020924,16.99925177155556,1183925.009432382
1002,9.144473859975788,9.346985590944543,1662264.1331715775
1003,9.1568030000745,8.716058611038028,1790223.3854069242
1004,9.174384404725906,8.896761392130797,1485999.278624409
1005,9.183054242180953,11.639918841950312,1704479.758960328
1006,9.19008240966694,10.705160151070396,1038070.8512717059
1007,9.194642890714356,10.790532681892113,1423916.026916621
1008,9.220831045604598,27.194672101895442,1635647.952623133
1009,9.238306303691758,21.267554139710256,1541447.4806415716
1010,9.264387640004687,9.630081566008137,1440172.5950717397
1011,9.266617114947485,20.84300459733921,1141839.727227177
1012,9.268740775021381,15.066867536991206,1793173.890161727
1013,9.272498198427217,13.359477146636,1420722.817004259
1014,9.27353248073914,14.025998035505678,1685738.5552222175
1015,9.27403954712551,21.066148340374912,899224.0639469986
1016,9.287070828396057,15.128013549240803,2093661.584824856
1017,9.291934671163807,16.005206321527456,1589728.7604665118
1018,9.300884191604313,15.263547779935553,1145022.8547411307
1019,9.304908912973216,9.360101158691917,2134946.407750249
1020,9.305645063284224,12.367998249219921,1459605.4305522041
1021,9.307368077626158,10.789511621867092,1641505.098502551
1022,9.316170685013336,6.6864140591789925,2087473.2789317411
1023,9.327614569553084,18.176332075720527,1686649.2972310104
1024,9.328513654649262,9.268141826451744,1500534.459150263
1025,9.337184046051249,29.0488383644563,2322500.222362578
1026,9.3437691690624,13.730160726916807,1410556.9529679741
1027,9.346591147706764,11.525674295576492,1943153.8281163997
1028,9.362814147242704,7.8047474123391565,1321969.466516748
1029,9.364326060974204,16.319277144112476,1565905.3003348943
1030,9.365844000877747,27.04993434834506,1599104.4555058968
1031,9.376263220032977,14.821827854036767,1502403.8605458504
1032,9.382643250581122,16.99857255019415,1381689.0714224428
1033,9.386490267251093,23.001021208286556,1698014.3430243647
1034,9.39414407221914,10.169691238259311,828159.4221313883
1035,9.394917831926293,12.495694345209035,1319889.1662926015
1036,9.397979056234679,9.856551103526806,1112857.3013203486
1037,9.4076708197009,27.46128566299284,1723403.901061309
1038,9.410798825640127,14.141475808342829,1681686.5744268792
1039,9.413697713795026,13.978328917746724,1438282.4052258262
1040,9.415426475823491,9.74316948443449,1462664.6589022132
1041,9.430607507940916,15.480892291232975,2066739.2943453575
1042,9.438113471776411,13.341961598043213,1095470.673005496
1043,9.440606283234741,12.231829780370404,1702080.979677183
1044,9.451378628608133,9.109085339102222,2242132.6970548504
1045,9.451662271689196,11.556057802416225,1512963.7696580696
1046,9.461466131333086,14.042278484691565,1256366.5222842246
1047,9.480891262950564,13.15282653430248,1675973.3885659704
1048,9.482524795461826,17.45838635823353,1675329.5702593669
1049,9.487443019049051,20.133428552462355,1819198.743240642
1050,9.489074921087472,15.139768262853575,2038320.2354423704
1051,9.499573158722061,10.449590558691256,1409861.6832468128
1052,9.50535179712774,17.929758941480078,1923305.2236294108
1053,9.507830422043588,16.567787138520686,1424085.8685557866
1054,9.535845221549023,18.832924759205266,1449029.0985642269
1055,9.551990403472537,20.669680576956416,2498090.0759276543
1056,9.623384737071047,7.795391408624673,2189654.333051294
1057,9.63774999028909,8.749778061144085,742888.3171607075
1058,9.658358909799484,6.735044420705942,1270079.9353686827
1059,9.661295320207788,16.331236684672252,1712235.6179502928
1060,9.671053119088114,9.571370325268152,1348313.006539164
1061,9.688706274016305,10.653756521529584,1921042.8165804062
1062,9.700223132677788,16.994887506822515,1864423.601156367
1063,9.701495703429666,10.968125479387577,2235460.436038141
1064,9.703791603160392,33.21212285713109,2725819.441755968
1065,9.712847244152801,15.76594106390414,2199029.0926104146
1066,9.714920752526037,9.590838411898114,1571616.3034085184
1067,9.724399893135665,11.375067653383029,1494435.647535803
1068,9.731248596329623,9.879298647383651,1122060.0364530194
1069,9.74143121029389,6.260831936407473,2162101.7367579043
1070,9.774833980349412,12.149083583332427,1206572.0511600378
1071,9.78397222429968,8.606549551447694,2294923.303582306
1072,9.812737112360876,19.629236508674108,1205413.3029388532
1073,9.827975538253664,17.587860695806672,1268597.926744925
1074,9.837028896361456,12.109571123110134,2303836.5595441847
1075,9.850184783171066,12.318203810935435,1857817.2395271915
1076,9.863146171998165,13.200197384079486,2199648.5884301364
1077,9.864762533042793,13.34778734133792,1073317.3569730883
1078,9.872045422090798,16.24013229446672,1583817.3567317424
1079,9.874919853017763,10.163786703674491,1696558.00813676
1080,9.88055034822758,16.493316437557638,1140338.1774601128
1081,9.883517151202494,13.01165360432966,1933654.7536243286
1082,9.885998965383264,9.255847888159467,1784503.0275306532
1083,9.901078864955323,6.923163867579159,2124518.7131821048
1084,9.901101595946372,16.09236820270188,2326149.01116384
1085,9.901919038760838,15.710499987875144,1770067.7355086163
1086,9.902822274389333,19.16108116083318,1457371.6076223978
1087,9.906950635975964,12.036677102678617,2174514.312563198
1088,9.931642785100905,11.06577128789326,1492607.0954451072
1089,9.93797699555811,11.772714539399422,2363829.1168026626
1090,9.93837876214839,13.237370976082131,1779088.0519896748
1091,9.958163756615278,27.763890445143137,1572313.1322634541
1092,9.968654951891848,10.357854064629683,1465688.0271754097
1093,10.003331432775573,14.237425455839304,2267101.0810881853
1094,10.01575068896441,13.910622412755494,1206367.2849243241
1095,10.020880415357333,15.514480566844044,1493837.5638199174
1096,10.045126521964011,25.799404333071433,1501482.5164273912
1097,10.047563885835046,20.633216253000217,1843187.991263611
1098,10.050878365351046,14.139379486803708,1226942.6536347186
1099,10.069590780382695,17.930521919327838,1541222.8614357966
1100,10.077391095309915,9.662266665596457,1968452.332740916
1101,10.096843207257864,14.519660007922484,1711850.0961389926
1102,10.098539617848717,10.348213886667233,1401946.1689583426
1103,10.119875175416734,29.061831137019663,2063167.2149258
1104,10.120393500602724,9.483274585938961,727260.7555413353
1105,10.120547031124726,15.376769925961414,1423433.9427535557
1106,10.121836764772773,11.030097867650984,1337252.8233698437
1107,10.127533385321641,20.21205922383209,2396675.491971629
1108,10.13945696558802,28.299100204688123,2256169.89025314
1109,10.144756235013382,11.693391432838636,1791115.8335794297
1110,10.147026923135916,15.029429057725382,2041125.0131603864
1111,10.147743922934438,30.114873465403942,1712338.3128949043
1112,10.149196307947703,11.054845133404848,1395474.932256288
1113,10.161405250675678,10.698471008380476,1151688.3595114842
1114,10.182537223988495,10.501964931211708,1828406.7794281456
1115,10.182822599750377,10.506422498423172,1469603.11602535
1116,10.186943123824497,32.03168902964905,1523181.7087624222
1117,10.198393771748453,16.690532752421902,2248117.484019271
1118,10.218081938419957,18.031196961268577,2334978.4896709025
1119,10.227365824984537,31.532033890709528,1422691.275365651
1120,10.229002550516324,14.60860942701297,1469004.3047137028
1121,10.247920337641784,15.737974738612895,1726003.3928323537
1122,10.248326719058426,9.757142146057891,1378548.4562894064
1123,10.258381541194373,16.689385937669197,1170607.512384387
1124,10.2624645615093,6.799730807073344,1402883.6241258043
1125,10.266004595991488,11.277741821166234,1371341.5163303062
1126,10.270281749620953,25.54139153724373,1529815.1993192732
1127,10.288548940493255,25.775098783212883,1262723.8382784915
1128,10.29570924948766,16.51062542481637,1279407.2972610593
1129,10.304725566866198,6.688511906378003,1490381.0681841737
1130,10.305834499182236,18.948843955313407,2518127.439543605
1131,10.307457177471079,16.02132367277358,2315270.8308771253
1132,10.315798042515906,15.377567215275516,1697600.3410361174
1133,10.316359453859164,8.84680461479702,1710155.629552901
1134,10.342239336688714,11.477584481509332,1352965.5656644278
1135,10.344967688617457,17.787722725246965,1165261.658440743
1136,10.364420612526155,31.446776657449927,1814526.123260813
1137,10.390684025078356,18.877195627979493,2113141.402203057
1138,10.403727178946824,13.473418986604722,866805.0473456137
1139,10.417528143663024,18.800513032833567,1795846.6612201715
1140,10.419474911615039,15.009963337758194,1228366.5585398143
1141,10.423365214553012,13.106970441707606,1893580.0263924256
1142,10.42457925044044,12.61879629141951,1525092.7910009134
1143,10.43876021981203,13.253329884171098,2336605.185908931
1144,10.447368393520987,13.115564950269945,760304.1532482686
1145,10.468064874704911,11.256190901908452,1351684.581355325
1146,10.492514204661168,16.928839261586152,1481005.788913795
1147,10.496717965889529,29.557848543308822,1877927.7784882912
1148,10.505071368050617,12.313642333828339,1229274.5980500644
1149,10.514913302880348,11.967325963368936,972796.5724388405
1150,10.531835227233106,34.78181699880951,1757922.4991745185
1151,10.547390243713632,15.386686478261922,2105000.852939806
1152,10.549898829345736,10.023492019873778,2602703.170850873
1153,10.568934813856789,14.804030331849225,1339579.4667303562
1154,10.585980428474553,13.255863498940293,1451371.9569159942
1155,10.593261373282756,9.4312263391274,2035617.944784463
1156,10.594698611467123,14.14769979244344,1670920.1320606684
1157,10.597314813119551,15.10238858163058,935335.1612974493
1158,10.6076782591098,9.766540487418446,1855736.7314185416
1159,10.610104704419602,32.80689967032105,1274018.723051995
1160,10.611851217274157,14.562661789716945,1616083.4223098522
1161,10.61202888361336,22.98286680362645,680086.0449272607
1162,10.622686436573067,20.524080859926016,1925357.6673301202
1163,10.637118349954283,16.265429515115912,1228439.629942711
1164,10.649377590808447,11.561669992169268,2023549.6257165715
1165,10.671443391814913,31.96701350035889,1602626.0189911618
1166,10.682537606628127,14.704014818279214,1337874.709861353
1167,10.69194023708714,37.19985719913354,1013939.0984217505
1168,10.700555357831183,10.044809985223523,1907778.953734253
1169,10.740050916468782,33.24162123872602,1772618.270479143
1170,10.761235012520762,15.497489396153863,1575345.855339297
1171,10.773037739248943,16.110428222099618,1291183.1228328606
1172,10.781610413986227,31.3928069240206,1561584.9406458437
1173,10.791343769433237,14.830497558253677,1817441.0797655585
1174,10.79936464936839,13.99749041555929,1263995.4677849477
1175,10.799639754016885,16.777918858878287,1886406.1400693443
1176,10.826509536026919,17.904785936479467,1533862.0869442818
1177,10.835464462283769,31.591234692718164,1161145.7531606513
1178,10.841286997645529,16.046771239982892,2082013.4003380581
1179,10.85452827146904,12.257979664351433,2278223.5256662327
1180,10.888483530273808,17.131221682055624,1656254.6079512688
1181,10.890346482905116,11.271904305804622,1548371.697676235
1182,10.890364909079077,11.959008882690835,1596231.0759018043
1183,10.927402081751945,27.465030947954787,1679803.6605385798
1184,10.929719630055423,18.586642481253428,1572667.7832260197
1185,10.931161289680908,16.262896987193475,1779002.8193433369
1186,10.955552247746219,19.90422607129104,2534257.1981517333
1187,10.959130192643896,15.625276240836936,1589915.2328659382
1188,10.959967768787394,9.893105984992456,2348084.3602945763
1189,10.991391377830544,15.052768002770849,1278993.2952728122
1190,10.995138025912876,10.663420637689953,1797709.514253906
1191,11.027215769583172,16.271995835415467,2012515.7399369138
1192,11.033721489269436,18.125382944723828,1489221.5923672274
1193,11.043345620418998,14.835584443419357,2378226.7817296092
1194,11.053494604650052,21.558803010912094,1409971.6541490385
1195,11.072293341923576,24.057497214991173,1558520.2033564982
1196,11.090595768553664,14.470114644291387,1681439.2958102482
1197,11.120010709854913,13.513579934814949,1427016.3124560246
1198,11.126858507205672,32.24612345621665,1371858.3172054165
1199,11.144177090595935,15.952698534710677,1638999.2587002262
1200,11.156947071898324,14.94504363850395,2071762.61548219
1201,11.162043691975644,28.53132824179321,1595679.2464878943
1202,11.170115715716793,10.170213181359921,1558705.6363334085
1203,11.178184618478653,11.2219639301454,1292408.913806347
1204,11.197086092779434,29.34768498721973,1793623.544342284
1205,11.205644283929058,31.11952634802595,2380113.1257122117
1206,11.213319340381599,28.11943162524797,2061457.157001964
1207,11.22392124701211,16.638567741171144,1554851.7694696784
1208,11.247942569056995,16.27066429246565,1656669.4414775288
1209,11.250896016397435,12.101917734144267,2169861.6494956827
1210,11.28518711500998,29.07727934551709,839764.9383238916
1211,11.293790541752946,10.71545305053292,1244144.3686839193
1212,11.301649755461435,9.912704354517961,1550683.6851792678
1213,11.334878814976607,17.735846189834913,1213774.0018910596
1214,11.35189822078002,13.921925468385368,1662214.6566598013
1215,11.354784708058467,12.919635770733779,2301573.1130726635
1216,11.356459469493391,16.766885538510113,1533580.9231536197
1217,11.376854754500947,16.769278787708235,1281815.0155778443
1218,11.378725519526023,13.733064063251494,1165140.773602096
1219,11.38153146726629,13.882321067366405,1372645.7837037742
1220,11.411401059764517,33.38334360470004,1340987.884239959
1221,11.42545009297,14.599759879714195,1640890.176141901
1222,11.44222867960206,15.183003572109584,1849493.5440165657
1223,11.447845066258195,16.364987305180172,2020586.0242380628
1224,11.459351587297213,35.108800630139136,1873058.4997683768
1225,11.466488239899125,16.304028953464993,2247722.9192320798
1226,11.47099254541857,12.166568899903222,1408889.1995405513
1227,11.494225672542722,34.30066147052802,1697040.7159533354
1228,11.497411268165527,15.45496364172106,1953763.8373939053
1229,11.500479538369706,26.692478123666763,2450274.353447769
1230,11.507154061492205,34.12631228728564,2245394.197026534
1231,11.511951264319055,18.951368790613287,1677054.3879829347
1232,11.515399798057802,16.188508117145222,1501010.2028359794
1233,11.530948879902391,15.499559732909631,1115519.67815363
1234,11.549322879422778,20.764785285012774,2006727.819597083
1235,11.552444784313405,36.72639270353327,2110055.980405637
1236,11.557557597425266,12.639133950254891,1639371.7877300724
1237,11.55816518131555,19.917295596438038,1842949.1319693627
1238,11.590739721309545,25.746182670206018,1262800.8594869506
1239,11.622243722893026,14.34343543913824,1683393.8259099212
1240,11.63218779216918,17.452785271401623,1962988.2964571672
1241,11.634157651288312,10.326022119416088,2521241.965171482
1242,11.635109439850734,20.802570462635828,898210.3151668395
1243,11.653380788987866,11.003359468038232,2234850.918674576
1244,11.663050794607544,21.925630977681227,1598008.384462446
1245,11.673640511668827,15.238475879047382,2090389.4827435059
1246,11.693043133810866,11.40790452618118,1299982.9777982086
1247,11.693426630741513,15.472594446943095,1019993.7345792672
1248,11.695450244534396,10.178754093255867,2282936.6831241976
1249,11.70890453052082,11.334468261019545,2255355.3987693577
1250,11.732233002569474,32.36475392681863,1913979.5248130604
1251,11.738801027895827,13.915247116418204,1520607.3710162726
1252,11.755778035002866,33.445508690896155,899882.9538800888
1253,11.769767651573144,19.8851549690412,1340559.3303364837
1254,11.784703059419426,15.848207475998185,1374197.7454628795
1255,11.822300704172735,15.51758390933358,2179693.962846484
1256,11.85035273411937,10.582826194684344,1331910.919231762
1257,11.90438798617391,16.006565823644006,2289603.331259319
1258,11.920460220158436,17.824018543191205,1068958.6425931859
1259,11.926117083160932,35.837236065398585,2306866.268294731
1260,11.942602826016286,17.20739471862282,2522356.641877975
1261,11.95068771353096,14.244589381160193,1595805.5363236263
1262,11.954160372670467,18.084780465955244,2094529.71051048
1263,11.969917113373175,25.676967908552488,1476728.3573746681
1264,11.975811237101484,27.411442556121482,1702652.142349897
1265,11.978901881952806,11.448676006465638,808839.5199073212
1266,11.98189598186087,14.124320846930232,1833424.695567893
1267,11.985365649218217,22.86793150966821,1243746.1659179202
1268,11.988179012401796,14.023742970552812,1879569.4424105543
1269,11.989045258010284,13.74706858984414,2115321.279104267
1270,12.014916873899246,20.41600402237194,1670140.2533466797
1271,12.034213743828962,20.09536487586621,887683.9794018972
1272,12.046241907010634,31.92870993230649,1482781.330456159
1273,12.049361610222276,22.768913740290646,1765853.085089475
1274,12.050111138617202,11.309125828862484,1087088.146180447
1275,12.064502877386037,14.665735243084107,1102620.964437457
1276,12.078374540340981,13.14928666153615,1161911.59967067
1277,12.084903511001162,30.15124079565393,1329487.5056349807
1278,12.107379040302304,13.504149117814903,1598845.3274725804
1279,12.13308096111098,17.09504877624645,1151208.2502511996
1280,12.133113295597733,17.24761717475953,1514959.4608893888
1281,12.182442332291176,15.760950384316445,1915771.4892311818
1282,12.188790508519702,34.075414425440705,1377461.6361063507
1283,12.204787114782677,30.939410076912345,1754650.3970931685
1284,12.228069098512107,31.1467391400217,1232847.9247766414
1285,12.243333067034134,13.795994138548815,2063875.6853129184
1286,12.289843963838186,18.047502862617165,2199851.0679363143
1287,12.304648137552151,10.40030694304359,2060164.323276175
1288,12.317675634675627,12.571584538187508,1318355.3944275316
1289,12.328412355460987,31.24011427304951,1145436.0251913646
1290,12.33203847269324,11.788288028479426,1833049.671924008
1291,12.333037333379837,18.52466276316241,1454133.1828305766
1292,12.33361346260818,13.670543253384947,1699808.5941720225
1293,12.352681843050892,33.041584715800525,1493365.1462862538
1294,12.369314508671264,29.652128523809875,2190518.508931356
1295,12.381921889713107,31.05883911664443,1410905.9910489512
1296,12.395173475970822,15.738880159639654,1163630.0769168884
1297,12.406738816078276,15.11266470289709,1101764.2723995128
1298,12.412044913847199,29.726205804759175,1134568.135187562
1299,12.416315969112212,12.608605678569068,955783.0968073435
1300,12.4185657759057,26.429487676744053,1466154.0002894725
1301,12.42867364836265,27.44725643143285,2113545.3217928964
1302,12.435017253465904,18.02232510871914,1041720.6794954838
1303,12.44166005052056,11.332454630725485,1542445.4301994827
1304,12.45441912877861,19.016051815493935,1414646.3529738996
1305,12.464677453636696,15.079531206759341,1727030.7580474762
1306,12.472531811319687,34.1674944086558,1826152.2719902648
1307,12.515413129982743,12.442586947718356,1990479.3589375915
1308,12.541423945822249,21.259261535698272,1831198.8761914629
1309,12.546860502573015,30.95492293033792,2516248.7872876227
1310,12.548483211124827,21.2145089622561,2001691.8175055515
1311,12.553265123017251,28.822491694323684,1713407.670779686
1312,12.554980366924307,34.73730205566345,1243878.2765197435
1313,12.557725679026992,10.404687041745232,1720427.3068013468
1314,12.564281626161005,14.86849381368354,1076559.62762822
1315,12.584192135201993,26.06509427454211,1575373.2960937282
1316,12.599065168757287,30.063287146372488,1797730.3027042325
1317,12.611997088248254,17.03428422075919,2130315.15678657
1318,12.61566446296453,11.550368598724413,1977662.863542459
1319,12.664521827993527,16.61147604887381,1109636.1309422979
1320,12.727868938752652,26.80774920246086,1879540.9622336074
1321,12.773456796061256,15.127665859629062,1072093.6448446342
1322,12.782081606191474,16.295928996542486,778259.4496217957
1323,12.799541221435337,20.11382022915416,2216263.341584376
1324,12.826335809704785,25.385071559944624,1214856.0407305404
1325,12.842756244689893,13.568695142674052,1049589.939481978
1326,12.856284446710866,13.67425805081732,1465788.1235637304
1327,12.902963822367921,14.207647414437748,1489534.250660134
1328,12.920193491412896,12.086624774864859,1369616.4907222348
1329,12.926348472882541,14.505245127020896,1490209.4595267302
1330,12.948856629915257,19.585804227040388,1309498.1633392829
1331,12.98088667350151,10.91563616243626,2491052.561838712
1332,12.985873092007134,24.30692017864461,2326073.341204652
1333,12.988671078340413,11.176800787819564,1293608.927101429
1334,12.99432887258413,18.87529581839949,1205776.373223801
1335,12.997726558783706,15.743185749375154,2027663.036382624
1336,13.005581617222662,12.989451038476794,1255766.8794345644
1337,13.043924297500832,22.67424159620164,1868793.957068452
1338,13.048452389300099,10.829911037313497,2778671.3742118864
1339,13.067725152004499,28.92766764204017,1157837.7910024887
1340,13.072128721792135,31.414945363839443,1961862.6018720013
1341,13.081834298528767,16.97061392922056,1178386.2386697105
1342,13.098457237175147,35.12681946484538,1940629.2787087816
1343,13.100887231489153,33.088363557781484,1389015.3370864158
1344,13.104613838824811,12.141913190545608,1606744.5228275445
1345,13.108302617565718,25.15982918742924,1052533.2722214183
1346,13.135405846470231,14.80004407061565,1281135.5450789311
1347,13.136690973126084,13.862838504633453,1717159.6742368168
1348,13.179664018118999,36.01027884768689,1978461.971573
1349,13.245395756356338,12.952064926904596,1959940.7096393409
1350,13.261171622197919,17.86209311194991,1967253.8785796082
1351,13.272645438837705,32.947622670850485,2151949.4891565833
1352,13.308613215923307,34.69259746208832,1317519.6987244168
1353,13.35091279022005,17.694363394918575,1475953.2600042543
1354,13.365163092530286,28.05882273261692,1526726.8671388074
1355,13.389723133054376,24.1048522658849,1531671.5039911547
1356,13.397512236156562,18.4020280806022,1492971.6209215778
1357,13.420340149537694,11.975491987408272,2177784.1279150117
1358,13.422757924799493,20.30545592076276,1854044.1357929797
1359,13.432337968163855,17.228687510954327,1917518.550596599
1360,13.46567443884894,13.826411601938918,1607112.374456067
1361,13.493523422859989,37.412722446607674,2001842.74165492
1362,13.512449466962604,35.048646548250574,1788320.2027795569
1363,13.521125374764841,21.58764841931551,810354.4262537202
1364,13.526391713604925,34.277695616660445,1627729.631893869
1365,13.53430642981318,16.488155098085198,1953153.6963768303
1366,13.56181215704428,13.286915251081727,1678061.6923434928
1367,13.578833477820694,18.212669669452442,2067309.9373068132
1368,13.581390162410132,14.713412974302821,2067341.7436358118
1369,13.713355590193714,31.762691976104165,1509995.8026049924
1370,13.72552987155573,35.06093734547836,1981077.5743930468
1371,13.765650040813082,35.2915853873456,1534755.366654801
1372,13.78261726957299,18.326000803705085,1617524.4776864669
1373,13.78541924834936,13.2376249183081,1925244.162391339
1374,13.788252591109512,14.66506255935926,1564279.2277503759
1375,13.803396384022149,33.30263134543317,1746986.9427649041
1376,13.808926170565169,11.902405175483196,1558117.531073679
1377,13.822799905118586,29.031747757378955,2693377.401945846
1378,13.823643816138544,14.603875889191256,1266068.0762824735
1379,13.830748639296695,11.504603781596586,1903709.4066983887
1380,13.843865435415909,30.542344468476177,1647623.555202569
1381,13.866523925653302,35.2680781315355,2520190.693238484
1382,13.885546532994551,16.671991572671963,2157708.721434964
1383,13.914849791907928,19.091438519479336,2250534.141369696
1384,13.928602827315329,15.75241547743641,2039196.260739118
1385,13.952849030572775,17.529615292465454,2679230.653614338
1386,13.953611367179196,23.30708262179483,1555253.0905032263
1387,13.963645872198999,24.25115661550655,1350769.1619452091
1388,13.979827627190005,20.321248822211523,1543276.760328029
1389,13.992130863526178,14.89700390351724,2072035.7757194769
1390,14.104678706220744,27.420773333943075,2190920.7654451686
1391,14.111329090642553,20.577197902817165,1923654.4695948919
1392,14.11291347450521,13.945743749404604,1995148.4448808646
1393,14.120897457982357,27.52616344002392,1742250.6061848253
1394,14.128491557019187,19.18091789615505,1571208.330070866
1395,14.157219849003289,16.696853843363634,1034853.7346414691
1396,14.198430222945955,29.210402830860104,1586934.2730314073
1397,14.222985832480903,21.95118514509575,1680288.2393156844
1398,14.247055904383053,14.187986762584051,419350.67461703776
1399,14.250710524801825,22.011682006059193,1362064.1506609642
1400,14.25850233278673,18.3783313830902,1389935.1220711002
1401,14.269864104497476,16.25349460732144,1305748.0308426812
1402,14.271575745798387,15.489443933344743,1238097.1124262682
1403,14.2727669307366,14.18871614692306,2683207.068392741
1404,14.365765663359944,21.15561531092328,1467573.7475045025
1405,14.372117007924258,26.16590085580419,1760928.7169761956
1406,14.44954068895315,16.326825091675268,852567.9731974378
1407,14.461140515221148,22.855695360621592,1405207.2531610196
1408,14.48540011010779,35.7033364488851,932601.0643105422
1409,14.552256790831681,36.41755201496381,1783260.7097391572
1410,14.589775754299614,34.62988510545891,1447382.1335871306
1411,14.634382053299253,20.243439366658706,1218035.3223811835
1412,14.661806909630569,17.804822482220853,2132702.5024220347
1413,14.662529427566247,18.65587343967049,1641542.1019441315
1414,14.679080765733106,29.737959464825764,1961451.822093555
1415,14.743681216379777,34.019153395868145,1644710.0538893468
1416,14.749804878059766,15.567710985541888,2025135.3687074569
1417,14.8760199207515,24.97965368530723,1211176.6929072994
1418,14.944873896729929,33.538890584014204,1540615.9426285222
1419,14.961789454705766,27.447576023321318,1960227.1744848362
1420,14.969257121761865,21.319378746488475,1292844.2239561784
1421,14.987200680672053,34.89823633996662,1658601.935819856
1422,15.06556066057074,19.21288686478036,1680789.5527953017
1423,15.071249693299768,16.903389833128358,1177372.697774055
1424,15.076412954970438,15.491292616145664,1554179.9906973862
1425,15.1081175777723,17.0806151252228,1342062.0234683156
1426,15.139923013342669,20.911430179755506,1298814.4590053707
1427,15.153040225076287,16.532978662907578,1609714.7766101575
1428,15.186090288137715,22.71513756894044,2121332.675285105
1429,15.186711543264547,18.59744653894135,1301529.1187912226
1430,15.196185772193749,22.06105346933267,2152565.0351707432
1431,15.328579636364571,19.72311201505212,1393830.981604489
1432,15.375522512235822,35.05806236822208,1479490.103000509
1433,15.424572509589607,20.435645693345002,1247494.3235117414
1434,15.437707756605462,24.417446889992785,2114771.8403621446
1435,15.439559753007623,16.008511271849912,2283028.3601901364
1436,15.457920395576494,23.92307670689185,1857625.570015184
1437,15.520919259513054,17.538603817985265,1466517.7981701815
1438,15.526395100429616,26.2232478361738,1610249.9752638063
1439,15.527545496955133,21.055132360061158,1095920.5350705555
1440,15.551871082401032,32.869139755139685,1586102.4231916028
1441,15.552111821952078,20.913204892058488,1894751.2476838059
1442,15.553516371580784,35.87664147084462,1377948.0858439847
1443,15.555435787224306,17.97671619444385,2241617.14348676
1444,15.564182606912857,16.314299881234035,1963219.0482557889
1445,15.564936771809744,16.232716703591258,1349093.924675669
1446,15.586968022195144,24.23005049854918,1722704.0578810766
1447,15.59772139673784,25.31212100084569,2279105.1638445687
1448,15.600629739270213,31.7973663273423,2138092.7397071254
1449,15.649484678420064,33.497525700951364,1198657.8881208387
1450,15.695376975551868,32.13102873597238,1021866.566069158
1451,15.732425056222825,25.759510121431084,1436634.7126529687
1452,15.797511320104306,23.666785106781735,2351214.477260198
1453,15.84258194086345,28.5190224709271,2482622.221577913
1454,15.862260660530856,22.360857094472994,2143342.654952513
1455,15.866872467298665,34.3490450594946,1933906.709642283
1456,15.867371342501636,17.137639934497866,1988377.4387251053
1457,15.868828607673604,17.478512328591858,2007820.0447772231
1458,16.086851766947753,28.539571465108274,1756139.0580210304
1459,16.090462461080538,16.472210265940884,2648233.6189863943
1460,16.170204377200523,24.720283433948406,2151245.80011304
1461,16.22027291106611,23.284378486672896,1784174.3621309954
1462,16.234420423280216,31.45703288869371,2674493.381553995
1463,16.30214524297269,34.07481010710956,1618009.160405823
1464,16.329447746195854,29.565661935930386,1060026.7809682658
1465,16.4113243717905,36.62316924504211,2088396.2861262262
1466,16.421854988812782,18.006217740493476,1472314.1378323948
1467,16.480417021256052,23.44467728809062,1534889.971870663
1468,16.519175131444527,25.307281904669843,2374162.2239218233
1469,16.644540244682513,24.60543254807962,1872123.8510417088
1470,16.712914899353972,32.031783863634914,1305037.1697837757
1471,16.730817119989506,25.167719494581174,2525669.905090971
1472,16.809453753648654,27.11029486089011,2556184.23190234
1473,16.862788921508766,35.639014631765264,1884892.1172320843
1474,16.863746410428302,26.58548816156309,2172006.393915841
1475,16.937667239451198,33.97813570488172,2174720.326105932
1476,17.256943096891202,34.62650538863131,2095156.482287816
1477,17.299968349893287,30.92723243506898,1256131.3009687832
1478,17.325139236567992,32.50973014175764,1734322.2030571532
1479,17.36555709107633,26.639199705527805,2123478.667012283
1480,17.367144082547824,30.969907942934327,2060320.2366536215
1481,17.42475314425154,31.907116511424483,1798954.7424284476
1482,17.55085961748603,32.3765901357576,2079030.8813697528
1483,17.653056287725054,26.982379976928982,2378500.7735049087
1484,17.735626993640786,31.207202651288878,1623596.056431
1485,18.058924060400425,32.82161350589302,1889201.1472157068
1486,18.137170561210407,27.667663841876124,2701807.5343221426
1487,18.198201228649264,31.980500693884515,1312643.4558736428
1488,18.3699543906466,30.968223996867966,1656108.6730299785
1489,18.39208666581654,31.444392409928128,1465578.0562731838
1490,18.502100038682087,32.809360781529996,2071187.606946166
1491,18.552680871354294,31.74768281455127,1322002.935921773
1492,18.567140130478066,31.219461930831113,1945164.90280096
1493,18.593392688040414,31.05814026279928,3020557.466827865
1494,18.960331326714584,32.76688481355334,2117827.534675598
